datetime_UTC,lat,lon
2024.01.31 14:15:00,52.689718,13.370528
2024.01.31 14:15:01,52.68970672727273,13.370521363636364
2024.01.31 14:15:02,52.68969545454545,13.370514727272727
2024.01.31 14:15:03,52.68968418181818,13.370508090909091
2024.01.31 14:15:04,52.68967290909091,13.370501454545455
2024.01.31 14:15:05,52.68966163636364,13.370494818181818
2024.01.31 14:15:06,52.68965036363636,13.370488181818182
2024.01.31 14:15:07,52.68963909090909,13.370481545454545
2024.01.31 14:15:08,52.68962781818182,13.370474909090909
2024.01.31 14:15:09,52.68961654545455,13.370468272727273
2024.01.31 14:15:10,52.68960527272727,13.370461636363636
2024.01.31 14:15:11,52.689594,13.370455
2024.01.31 14:15:12,52.689609636363635,13.370353909090909
2024.01.31 14:15:13,52.68962527272727,13.370252818181818
2024.01.31 14:15:14,52.68964090909091,13.370151727272727
2024.01.31 14:15:15,52.68965654545455,13.370050636363636
2024.01.31 14:15:16,52.68967218181818,13.369949545454546
2024.01.31 14:15:17,52.68968781818182,13.369848454545455
2024.01.31 14:15:18,52.68970345454545,13.369747363636364
2024.01.31 14:15:19,52.68971909090909,13.369646272727273
2024.01.31 14:15:20,52.68973472727273,13.369545181818182
2024.01.31 14:15:21,52.689750363636364,13.369444090909091
2024.01.31 14:15:22,52.689766,13.369343
2024.01.31 14:15:23,52.68976618181818,13.369325727272727
2024.01.31 14:15:24,52.689766363636366,13.369308454545456
2024.01.31 14:15:25,52.689766545454546,13.369291181818182
2024.01.31 14:15:26,52.689766727272726,13.369273909090909
2024.01.31 14:15:27,52.689766909090906,13.369256636363637
2024.01.31 14:15:28,52.68976709090909,13.369239363636364
2024.01.31 14:15:29,52.68976727272727,13.369222090909092
2024.01.31 14:15:30,52.68976745454545,13.369204818181819
2024.01.31 14:15:31,52.689767636363634,13.369187545454546
2024.01.31 14:15:32,52.68976781818182,13.369170272727274
2024.01.31 14:15:33,52.689768,13.369153
2024.01.31 14:15:34,52.689766,13.369137181818182
2024.01.31 14:15:35,52.689764000000004,13.369121363636363
2024.01.31 14:15:36,52.689762,13.369105545454547
2024.01.31 14:15:37,52.68976,13.369089727272728
2024.01.31 14:15:38,52.689758,13.36907390909091
2024.01.31 14:15:39,52.689756,13.36905809090909
2024.01.31 14:15:40,52.689754,13.369042272727272
2024.01.31 14:15:41,52.689752,13.369026454545454
2024.01.31 14:15:42,52.68975,13.369010636363637
2024.01.31 14:15:43,52.689748,13.368994818181818
2024.01.31 14:15:44,52.689746,13.368979
2024.01.31 14:15:45,52.689735545454546,13.368943999999999
2024.01.31 14:15:46,52.68972509090909,13.368909
2024.01.31 14:15:47,52.68971463636363,13.368874
2024.01.31 14:15:48,52.68970418181818,13.368839
2024.01.31 14:15:49,52.689693727272726,13.368803999999999
2024.01.31 14:15:50,52.68968327272727,13.368769
2024.01.31 14:15:51,52.68967281818182,13.368734
2024.01.31 14:15:52,52.689662363636366,13.368699
2024.01.31 14:15:53,52.689651909090905,13.368663999999999
2024.01.31 14:15:54,52.68964145454545,13.368629
2024.01.31 14:15:55,52.689631,13.368594
2024.01.31 14:15:56,52.68962227272727,13.368571909090909
2024.01.31 14:15:57,52.68961354545454,13.368549818181819
2024.01.31 14:15:58,52.68960481818182,13.368527727272728
2024.01.31 14:15:59,52.68959609090909,13.368505636363636
2024.01.31 14:16:00,52.68958736363636,13.368483545454545
2024.01.31 14:16:01,52.689578636363635,13.368461454545455
2024.01.31 14:16:02,52.689569909090906,13.368439363636364
2024.01.31 14:16:03,52.68956118181818,13.368417272727273
2024.01.31 14:16:04,52.689552454545456,13.368395181818181
2024.01.31 14:16:05,52.68954372727273,13.368373090909092
2024.01.31 14:16:06,52.689535,13.368351
2024.01.31 14:16:07,52.689527,13.368337181818182
2024.01.31 14:16:08,52.689519,13.368323363636364
2024.01.31 14:16:09,52.689511,13.368309545454546
2024.01.31 14:16:10,52.689503,13.368295727272727
2024.01.31 14:16:11,52.689495,13.368281909090909
2024.01.31 14:16:12,52.689487,13.368268090909092
2024.01.31 14:16:13,52.689479,13.368254272727274
2024.01.31 14:16:14,52.689471,13.368240454545456
2024.01.31 14:16:15,52.689463,13.368226636363637
2024.01.31 14:16:16,52.689455,13.368212818181819
2024.01.31 14:16:17,52.689447,13.368199
2024.01.31 14:16:18,52.68943609090909,13.36818990909091
2024.01.31 14:16:19,52.68942518181818,13.368180818181818
2024.01.31 14:16:20,52.68941427272728,13.368171727272728
2024.01.31 14:16:21,52.689403363636366,13.368162636363637
2024.01.31 14:16:22,52.689392454545455,13.368153545454547
2024.01.31 14:16:23,52.689381545454545,13.368144454545455
2024.01.31 14:16:24,52.689370636363634,13.368135363636364
2024.01.31 14:16:25,52.68935972727272,13.368126272727274
2024.01.31 14:16:26,52.68934881818182,13.368117181818183
2024.01.31 14:16:27,52.68933790909091,13.368108090909091
2024.01.31 14:16:28,52.689327,13.368099
2024.01.31 14:16:29,52.68930127272727,13.368083636363638
2024.01.31 14:16:30,52.68927554545454,13.368068272727273
2024.01.31 14:16:31,52.68924981818182,13.36805290909091
2024.01.31 14:16:32,52.68922409090909,13.368037545454547
2024.01.31 14:16:33,52.689198363636365,13.368022181818182
2024.01.31 14:16:34,52.68917263636364,13.368006818181819
2024.01.31 14:16:35,52.68914690909091,13.367991454545454
2024.01.31 14:16:36,52.68912118181818,13.36797609090909
2024.01.31 14:16:37,52.68909545454546,13.367960727272727
2024.01.31 14:16:38,52.68906972727273,13.367945363636363
2024.01.31 14:16:39,52.689044,13.36793
2024.01.31 14:16:40,52.68904381818182,13.367906181818181
2024.01.31 14:16:41,52.689043636363635,13.367882363636364
2024.01.31 14:16:42,52.689043454545455,13.367858545454546
2024.01.31 14:16:43,52.689043272727275,13.367834727272728
2024.01.31 14:16:44,52.689043090909095,13.36781090909091
2024.01.31 14:16:45,52.68904290909091,13.36778709090909
2024.01.31 14:16:46,52.68904272727273,13.367763272727272
2024.01.31 14:16:47,52.68904254545455,13.367739454545454
2024.01.31 14:16:48,52.68904236363637,13.367715636363636
2024.01.31 14:16:49,52.68904218181818,13.367691818181818
2024.01.31 14:16:50,52.689042,13.367668
2024.01.31 14:16:51,52.68903936363636,13.367642363636364
2024.01.31 14:16:52,52.68903672727273,13.367616727272727
2024.01.31 14:16:53,52.68903409090909,13.367591090909091
2024.01.31 14:16:54,52.68903145454546,13.367565454545455
2024.01.31 14:16:55,52.68902881818182,13.367539818181818
2024.01.31 14:16:56,52.689026181818186,13.367514181818182
2024.01.31 14:16:57,52.689023545454546,13.367488545454545
2024.01.31 14:16:58,52.689020909090914,13.367462909090909
2024.01.31 14:16:59,52.689018272727274,13.367437272727273
2024.01.31 14:17:00,52.68901563636364,13.367411636363636
2024.01.31 14:17:01,52.689013,13.367386
2024.01.31 14:17:02,52.68901181818182,13.367364727272728
2024.01.31 14:17:03,52.68901063636364,13.367343454545454
2024.01.31 14:17:04,52.689009454545456,13.367322181818182
2024.01.31 14:17:05,52.68900827272727,13.36730090909091
2024.01.31 14:17:06,52.689007090909094,13.367279636363637
2024.01.31 14:17:07,52.68900590909091,13.367258363636363
2024.01.31 14:17:08,52.68900472727273,13.367237090909091
2024.01.31 14:17:09,52.68900354545455,13.367215818181819
2024.01.31 14:17:10,52.68900236363636,13.367194545454547
2024.01.31 14:17:11,52.689001181818185,13.367173272727273
2024.01.31 14:17:12,52.689,13.367152
2024.01.31 14:17:13,52.68900063636364,13.367134454545456
2024.01.31 14:17:14,52.689001272727275,13.36711690909091
2024.01.31 14:17:15,52.689001909090905,13.367099363636363
2024.01.31 14:17:16,52.68900254545454,13.367081818181818
2024.01.31 14:17:17,52.68900318181818,13.367064272727273
2024.01.31 14:17:18,52.68900381818182,13.367046727272728
2024.01.31 14:17:19,52.689004454545454,13.367029181818182
2024.01.31 14:17:20,52.68900509090909,13.367011636363637
2024.01.31 14:17:21,52.68900572727272,13.36699409090909
2024.01.31 14:17:22,52.68900636363636,13.366976545454545
2024.01.31 14:17:23,52.689007,13.366959
2024.01.31 14:17:24,52.689009909090906,13.366939818181818
2024.01.31 14:17:25,52.689012818181816,13.366920636363636
2024.01.31 14:17:26,52.689015727272725,13.366901454545454
2024.01.31 14:17:27,52.689018636363635,13.366882272727272
2024.01.31 14:17:28,52.689021545454544,13.36686309090909
2024.01.31 14:17:29,52.689024454545454,13.366843909090909
2024.01.31 14:17:30,52.68902736363636,13.366824727272727
2024.01.31 14:17:31,52.68903027272727,13.366805545454545
2024.01.31 14:17:32,52.68903318181818,13.366786363636363
2024.01.31 14:17:33,52.68903609090909,13.366767181818181
2024.01.31 14:17:34,52.689039,13.366748
2024.01.31 14:17:35,52.68904563636364,13.366726818181817
2024.01.31 14:17:36,52.689052272727274,13.366705636363635
2024.01.31 14:17:37,52.68905890909091,13.366684454545455
2024.01.31 14:17:38,52.68906554545455,13.366663272727273
2024.01.31 14:17:39,52.68907218181818,13.36664209090909
2024.01.31 14:17:40,52.68907881818182,13.366620909090908
2024.01.31 14:17:41,52.689085454545456,13.366599727272726
2024.01.31 14:17:42,52.68909209090909,13.366578545454544
2024.01.31 14:17:43,52.68909872727273,13.366557363636364
2024.01.31 14:17:44,52.689105363636365,13.366536181818182
2024.01.31 14:17:45,52.689112,13.366515
2024.01.31 14:17:46,52.68911727272727,13.366503999999999
2024.01.31 14:17:47,52.689122545454545,13.366493
2024.01.31 14:17:48,52.68912781818182,13.366482
2024.01.31 14:17:49,52.68913309090909,13.366470999999999
2024.01.31 14:17:50,52.68913836363636,13.36646
2024.01.31 14:17:51,52.68914363636364,13.366449
2024.01.31 14:17:52,52.68914890909091,13.366438
2024.01.31 14:17:53,52.68915418181818,13.366427
2024.01.31 14:17:54,52.689159454545454,13.366416
2024.01.31 14:17:55,52.689164727272725,13.366405
2024.01.31 14:17:56,52.68917,13.366394
2024.01.31 14:17:57,52.689184636363635,13.366376454545454
2024.01.31 14:17:58,52.68919927272727,13.36635890909091
2024.01.31 14:17:59,52.68921390909091,13.366341363636364
2024.01.31 14:18:00,52.68922854545455,13.366323818181819
2024.01.31 14:18:01,52.689243181818185,13.366306272727273
2024.01.31 14:18:02,52.689257818181815,13.366288727272726
2024.01.31 14:18:03,52.68927245454545,13.366271181818181
2024.01.31 14:18:04,52.68928709090909,13.366253636363636
2024.01.31 14:18:05,52.68930172727273,13.36623609090909
2024.01.31 14:18:06,52.689316363636365,13.366218545454545
2024.01.31 14:18:07,52.689331,13.366201
2024.01.31 14:18:08,52.68934072727273,13.366191272727272
2024.01.31 14:18:09,52.689350454545455,13.366181545454547
2024.01.31 14:18:10,52.68936018181819,13.366171818181819
2024.01.31 14:18:11,52.689369909090914,13.366162090909091
2024.01.31 14:18:12,52.68937963636364,13.366152363636363
2024.01.31 14:18:13,52.689389363636366,13.366142636363637
2024.01.31 14:18:14,52.68939909090909,13.36613290909091
2024.01.31 14:18:15,52.68940881818182,13.366123181818182
2024.01.31 14:18:16,52.68941854545455,13.366113454545454
2024.01.31 14:18:17,52.68942827272728,13.366103727272728
2024.01.31 14:18:18,52.689438,13.366094
2024.01.31 14:18:19,52.689479636363636,13.36606181818182
2024.01.31 14:18:20,52.689521272727276,13.366029636363637
2024.01.31 14:18:21,52.68956290909091,13.365997454545456
2024.01.31 14:18:22,52.68960454545454,13.365965272727273
2024.01.31 14:18:23,52.68964618181818,13.365933090909092
2024.01.31 14:18:24,52.68968781818182,13.365900909090909
2024.01.31 14:18:25,52.68972945454546,13.365868727272728
2024.01.31 14:18:26,52.68977109090909,13.365836545454545
2024.01.31 14:18:27,52.689812727272724,13.365804363636364
2024.01.31 14:18:28,52.689854363636364,13.365772181818182
2024.01.31 14:18:29,52.689896,13.36574
2024.01.31 14:18:30,52.68992681818182,13.365724454545456
2024.01.31 14:18:31,52.68995763636364,13.365708909090909
2024.01.31 14:18:32,52.68998845454545,13.365693363636364
2024.01.31 14:18:33,52.69001927272727,13.365677818181819
2024.01.31 14:18:34,52.69005009090909,13.365662272727274
2024.01.31 14:18:35,52.69008090909091,13.365646727272727
2024.01.31 14:18:36,52.69011172727273,13.365631181818182
2024.01.31 14:18:37,52.69014254545455,13.365615636363637
2024.01.31 14:18:38,52.69017336363636,13.365600090909092
2024.01.31 14:18:39,52.69020418181818,13.365584545454546
2024.01.31 14:18:40,52.690235,13.365569
2024.01.31 14:18:41,52.69025790909091,13.365561818181819
2024.01.31 14:18:42,52.69028081818182,13.365554636363637
2024.01.31 14:18:43,52.69030372727273,13.365547454545455
2024.01.31 14:18:44,52.690326636363636,13.365540272727273
2024.01.31 14:18:45,52.690349545454545,13.365533090909091
2024.01.31 14:18:46,52.690372454545454,13.365525909090909
2024.01.31 14:18:47,52.69039536363636,13.365518727272727
2024.01.31 14:18:48,52.69041827272727,13.365511545454545
2024.01.31 14:18:49,52.69044118181818,13.365504363636363
2024.01.31 14:18:50,52.69046409090909,13.365497181818181
2024.01.31 14:18:51,52.690487,13.36549
2024.01.31 14:18:52,52.690490454545454,13.365489636363636
2024.01.31 14:18:53,52.690493909090904,13.365489272727272
2024.01.31 14:18:54,52.69049736363636,13.365488909090908
2024.01.31 14:18:55,52.69050081818182,13.365488545454545
2024.01.31 14:18:56,52.690504272727274,13.365488181818181
2024.01.31 14:18:57,52.690507727272724,13.365487818181819
2024.01.31 14:18:58,52.69051118181818,13.365487454545455
2024.01.31 14:18:59,52.69051463636364,13.365487090909092
2024.01.31 14:19:00,52.690518090909094,13.365486727272728
2024.01.31 14:19:01,52.690521545454544,13.365486363636364
2024.01.31 14:19:02,52.690525,13.365486
2024.01.31 14:19:03,52.69053154545455,13.365485454545455
2024.01.31 14:19:04,52.690538090909094,13.36548490909091
2024.01.31 14:19:05,52.69054463636363,13.365484363636364
2024.01.31 14:19:06,52.69055118181818,13.365483818181819
2024.01.31 14:19:07,52.690557727272726,13.365483272727273
2024.01.31 14:19:08,52.69056427272727,13.365482727272727
2024.01.31 14:19:09,52.69057081818182,13.365482181818182
2024.01.31 14:19:10,52.690577363636365,13.365481636363636
2024.01.31 14:19:11,52.690583909090904,13.36548109090909
2024.01.31 14:19:12,52.69059045454545,13.365480545454545
2024.01.31 14:19:13,52.690597,13.36548
2024.01.31 14:19:14,52.690614545454544,13.365479727272728
2024.01.31 14:19:15,52.69063209090909,13.365479454545454
2024.01.31 14:19:16,52.69064963636363,13.365479181818182
2024.01.31 14:19:17,52.69066718181818,13.365478909090909
2024.01.31 14:19:18,52.690684727272725,13.365478636363637
2024.01.31 14:19:19,52.69070227272727,13.365478363636363
2024.01.31 14:19:20,52.69071981818182,13.365478090909091
2024.01.31 14:19:21,52.690737363636366,13.365477818181818
2024.01.31 14:19:22,52.690754909090906,13.365477545454546
2024.01.31 14:19:23,52.69077245454545,13.365477272727272
2024.01.31 14:19:24,52.69079,13.365477
2024.01.31 14:19:25,52.69081190909091,13.365480909090909
2024.01.31 14:19:26,52.690833818181815,13.365484818181818
2024.01.31 14:19:27,52.69085572727273,13.365488727272728
2024.01.31 14:19:28,52.69087763636364,13.365492636363637
2024.01.31 14:19:29,52.69089954545455,13.365496545454546
2024.01.31 14:19:30,52.69092145454545,13.365500454545455
2024.01.31 14:19:31,52.690943363636364,13.365504363636363
2024.01.31 14:19:32,52.690965272727276,13.365508272727272
2024.01.31 14:19:33,52.69098718181819,13.365512181818183
2024.01.31 14:19:34,52.69100909090909,13.365516090909091
2024.01.31 14:19:35,52.691031,13.36552
2024.01.31 14:19:36,52.691050454545454,13.365526636363636
2024.01.31 14:19:37,52.69106990909091,13.365533272727273
2024.01.31 14:19:38,52.691089363636365,13.36553990909091
2024.01.31 14:19:39,52.69110881818182,13.365546545454546
2024.01.31 14:19:40,52.691128272727276,13.365553181818182
2024.01.31 14:19:41,52.69114772727273,13.365559818181818
2024.01.31 14:19:42,52.69116718181819,13.365566454545455
2024.01.31 14:19:43,52.69118663636364,13.365573090909091
2024.01.31 14:19:44,52.69120609090909,13.365579727272728
2024.01.31 14:19:45,52.69122554545455,13.365586363636364
2024.01.31 14:19:46,52.691245,13.365593
2024.01.31 14:19:47,52.69125290909091,13.365596727272727
2024.01.31 14:19:48,52.69126081818182,13.365600454545454
2024.01.31 14:19:49,52.69126872727273,13.365604181818183
2024.01.31 14:19:50,52.69127663636364,13.36560790909091
2024.01.31 14:19:51,52.69128454545455,13.365611636363637
2024.01.31 14:19:52,52.691292454545454,13.365615363636364
2024.01.31 14:19:53,52.691300363636365,13.36561909090909
2024.01.31 14:19:54,52.69130827272728,13.365622818181818
2024.01.31 14:19:55,52.69131618181819,13.365626545454546
2024.01.31 14:19:56,52.69132409090909,13.365630272727273
2024.01.31 14:19:57,52.691332,13.365634
2024.01.31 14:19:58,52.69134763636364,13.365642
2024.01.31 14:19:59,52.69136327272727,13.36565
2024.01.31 14:20:00,52.691378909090915,13.365658
2024.01.31 14:20:01,52.69139454545455,13.365666
2024.01.31 14:20:02,52.691410181818185,13.365674
2024.01.31 14:20:03,52.69142581818182,13.365682
2024.01.31 14:20:04,52.691441454545455,13.36569
2024.01.31 14:20:05,52.69145709090909,13.365698
2024.01.31 14:20:06,52.69147272727273,13.365706
2024.01.31 14:20:07,52.69148836363637,13.365714
2024.01.31 14:20:08,52.691504,13.365722
2024.01.31 14:20:09,52.691520363636364,13.365730181818181
2024.01.31 14:20:10,52.69153672727273,13.365738363636364
2024.01.31 14:20:11,52.691553090909096,13.365746545454545
2024.01.31 14:20:12,52.69156945454546,13.365754727272726
2024.01.31 14:20:13,52.69158581818182,13.36576290909091
2024.01.31 14:20:14,52.69160218181818,13.36577109090909
2024.01.31 14:20:15,52.691618545454546,13.365779272727274
2024.01.31 14:20:16,52.69163490909091,13.365787454545455
2024.01.31 14:20:17,52.69165127272728,13.365795636363636
2024.01.31 14:20:18,52.69166763636364,13.365803818181819
2024.01.31 14:20:19,52.691684,13.365812
2024.01.31 14:20:20,52.69168545454546,13.365812818181817
2024.01.31 14:20:21,52.69168690909091,13.365813636363637
2024.01.31 14:20:22,52.691688363636366,13.365814454545454
2024.01.31 14:20:23,52.69168981818182,13.365815272727273
2024.01.31 14:20:24,52.691691272727276,13.36581609090909
2024.01.31 14:20:25,52.691692727272724,13.36581690909091
2024.01.31 14:20:26,52.69169418181818,13.365817727272727
2024.01.31 14:20:27,52.69169563636363,13.365818545454546
2024.01.31 14:20:28,52.69169709090909,13.365819363636364
2024.01.31 14:20:29,52.69169854545454,13.365820181818183
2024.01.31 14:20:30,52.6917,13.365821
2024.01.31 14:20:31,52.69170436363636,13.365823181818183
2024.01.31 14:20:32,52.691708727272726,13.365825363636365
2024.01.31 14:20:33,52.69171309090909,13.365827545454545
2024.01.31 14:20:34,52.691717454545454,13.365829727272727
2024.01.31 14:20:35,52.69172181818182,13.36583190909091
2024.01.31 14:20:36,52.691726181818176,13.365834090909091
2024.01.31 14:20:37,52.69173054545454,13.365836272727273
2024.01.31 14:20:38,52.691734909090904,13.365838454545456
2024.01.31 14:20:39,52.69173927272727,13.365840636363636
2024.01.31 14:20:40,52.69174363636363,13.365842818181818
2024.01.31 14:20:41,52.691748,13.365845
2024.01.31 14:20:42,52.691753727272726,13.36584790909091
2024.01.31 14:20:43,52.691759454545455,13.365850818181817
2024.01.31 14:20:44,52.69176518181818,13.365853727272727
2024.01.31 14:20:45,52.691770909090906,13.365856636363636
2024.01.31 14:20:46,52.691776636363635,13.365859545454546
2024.01.31 14:20:47,52.691782363636364,13.365862454545454
2024.01.31 14:20:48,52.69178809090909,13.365865363636363
2024.01.31 14:20:49,52.69179381818182,13.365868272727273
2024.01.31 14:20:50,52.69179954545454,13.365871181818182
2024.01.31 14:20:51,52.69180527272727,13.36587409090909
2024.01.31 14:20:52,52.691811,13.365877
2024.01.31 14:20:53,52.69181972727273,13.365881454545454
2024.01.31 14:20:54,52.69182845454546,13.365885909090908
2024.01.31 14:20:55,52.69183718181818,13.365890363636364
2024.01.31 14:20:56,52.69184590909091,13.365894818181818
2024.01.31 14:20:57,52.69185463636364,13.365899272727273
2024.01.31 14:20:58,52.691863363636365,13.365903727272727
2024.01.31 14:20:59,52.691872090909094,13.365908181818181
2024.01.31 14:21:00,52.69188081818182,13.365912636363635
2024.01.31 14:21:01,52.69188954545454,13.365917090909091
2024.01.31 14:21:02,52.69189827272727,13.365921545454546
2024.01.31 14:21:03,52.691907,13.365926
2024.01.31 14:21:04,52.691911636363635,13.365928272727272
2024.01.31 14:21:05,52.691916272727276,13.365930545454546
2024.01.31 14:21:06,52.69192090909091,13.365932818181818
2024.01.31 14:21:07,52.691925545454545,13.36593509090909
2024.01.31 14:21:08,52.69193018181818,13.365937363636364
2024.01.31 14:21:09,52.69193481818182,13.365939636363636
2024.01.31 14:21:10,52.691939454545455,13.36594190909091
2024.01.31 14:21:11,52.69194409090909,13.365944181818183
2024.01.31 14:21:12,52.691948727272724,13.365946454545455
2024.01.31 14:21:13,52.691953363636365,13.365948727272729
2024.01.31 14:21:14,52.691958,13.365951
2024.01.31 14:21:15,52.69196863636363,13.365956545454546
2024.01.31 14:21:16,52.691979272727274,13.365962090909091
2024.01.31 14:21:17,52.69198990909091,13.365967636363637
2024.01.31 14:21:18,52.69200054545455,13.365973181818182
2024.01.31 14:21:19,52.69201118181818,13.365978727272728
2024.01.31 14:21:20,52.69202181818182,13.365984272727273
2024.01.31 14:21:21,52.692032454545455,13.365989818181818
2024.01.31 14:21:22,52.692043090909095,13.365995363636364
2024.01.31 14:21:23,52.69205372727273,13.366000909090909
2024.01.31 14:21:24,52.69206436363637,13.366006454545454
2024.01.31 14:21:25,52.692075,13.366012
2024.01.31 14:21:26,52.69209045454546,13.36602018181818
2024.01.31 14:21:27,52.69210590909091,13.366028363636364
2024.01.31 14:21:28,52.69212136363637,13.366036545454545
2024.01.31 14:21:29,52.69213681818182,13.366044727272726
2024.01.31 14:21:30,52.69215227272728,13.366052909090909
2024.01.31 14:21:31,52.692167727272725,13.36606109090909
2024.01.31 14:21:32,52.69218318181818,13.366069272727273
2024.01.31 14:21:33,52.692198636363635,13.366077454545454
2024.01.31 14:21:34,52.69221409090909,13.366085636363636
2024.01.31 14:21:35,52.692229545454545,13.366093818181819
2024.01.31 14:21:36,52.692245,13.366102
2024.01.31 14:21:37,52.69227036363636,13.366114818181819
2024.01.31 14:21:38,52.69229572727273,13.366127636363636
2024.01.31 14:21:39,52.69232109090909,13.366140454545455
2024.01.31 14:21:40,52.69234645454545,13.366153272727272
2024.01.31 14:21:41,52.69237181818182,13.366166090909092
2024.01.31 14:21:42,52.69239718181818,13.366178909090909
2024.01.31 14:21:43,52.69242254545455,13.366191727272728
2024.01.31 14:21:44,52.69244790909091,13.366204545454545
2024.01.31 14:21:45,52.69247327272727,13.366217363636364
2024.01.31 14:21:46,52.69249863636364,13.366230181818182
2024.01.31 14:21:47,52.692524,13.366243
2024.01.31 14:21:48,52.692530545454545,13.366246363636364
2024.01.31 14:21:49,52.69253709090909,13.366249727272727
2024.01.31 14:21:50,52.69254363636364,13.366253090909092
2024.01.31 14:21:51,52.692550181818184,13.366256454545455
2024.01.31 14:21:52,52.69255672727273,13.366259818181819
2024.01.31 14:21:53,52.69256327272727,13.366263181818182
2024.01.31 14:21:54,52.692569818181816,13.366266545454545
2024.01.31 14:21:55,52.69257636363636,13.366269909090908
2024.01.31 14:21:56,52.69258290909091,13.366273272727273
2024.01.31 14:21:57,52.692589454545455,13.366276636363636
2024.01.31 14:21:58,52.692596,13.36628
2024.01.31 14:21:59,52.692612454545454,13.366287999999999
2024.01.31 14:22:00,52.692628909090914,13.366296
2024.01.31 14:22:01,52.692645363636366,13.366304
2024.01.31 14:22:02,52.69266181818182,13.366311999999999
2024.01.31 14:22:03,52.69267827272727,13.36632
2024.01.31 14:22:04,52.69269472727273,13.366328
2024.01.31 14:22:05,52.69271118181818,13.366336
2024.01.31 14:22:06,52.692727636363635,13.366344
2024.01.31 14:22:07,52.69274409090909,13.366352
2024.01.31 14:22:08,52.69276054545455,13.36636
2024.01.31 14:22:09,52.692777,13.366368
2024.01.31 14:22:10,52.692786818181816,13.366372545454546
2024.01.31 14:22:11,52.69279663636364,13.36637709090909
2024.01.31 14:22:12,52.692806454545455,13.366381636363636
2024.01.31 14:22:13,52.69281627272727,13.366386181818182
2024.01.31 14:22:14,52.69282609090909,13.366390727272726
2024.01.31 14:22:15,52.69283590909091,13.366395272727273
2024.01.31 14:22:16,52.692845727272726,13.366399818181817
2024.01.31 14:22:17,52.69285554545454,13.366404363636363
2024.01.31 14:22:18,52.69286536363636,13.366408909090909
2024.01.31 14:22:19,52.69287518181818,13.366413454545453
2024.01.31 14:22:20,52.692885,13.366418
2024.01.31 14:22:21,52.69290127272727,13.366425454545453
2024.01.31 14:22:22,52.69291754545454,13.366432909090909
2024.01.31 14:22:23,52.692933818181814,13.366440363636363
2024.01.31 14:22:24,52.692950090909086,13.366447818181818
2024.01.31 14:22:25,52.69296636363636,13.366455272727272
2024.01.31 14:22:26,52.69298263636364,13.366462727272728
2024.01.31 14:22:27,52.69299890909091,13.366470181818181
2024.01.31 14:22:28,52.69301518181818,13.366477636363637
2024.01.31 14:22:29,52.693031454545455,13.36648509090909
2024.01.31 14:22:30,52.69304772727273,13.366492545454546
2024.01.31 14:22:31,52.693064,13.3665
2024.01.31 14:22:32,52.69306718181818,13.366501363636363
2024.01.31 14:22:33,52.693070363636366,13.366502727272728
2024.01.31 14:22:34,52.693073545454546,13.36650409090909
2024.01.31 14:22:35,52.693076727272725,13.366505454545454
2024.01.31 14:22:36,52.693079909090905,13.366506818181819
2024.01.31 14:22:37,52.69308309090909,13.366508181818181
2024.01.31 14:22:38,52.69308627272727,13.366509545454546
2024.01.31 14:22:39,52.69308945454545,13.366510909090909
2024.01.31 14:22:40,52.69309263636363,13.366512272727272
2024.01.31 14:22:41,52.69309581818182,13.366513636363637
2024.01.31 14:22:42,52.693099,13.366515
2024.01.31 14:22:43,52.69311781818182,13.36652209090909
2024.01.31 14:22:44,52.69313663636363,13.366529181818182
2024.01.31 14:22:45,52.693155454545455,13.366536272727272
2024.01.31 14:22:46,52.69317427272727,13.366543363636364
2024.01.31 14:22:47,52.69319309090909,13.366550454545454
2024.01.31 14:22:48,52.693211909090905,13.366557545454546
2024.01.31 14:22:49,52.69323072727273,13.366564636363636
2024.01.31 14:22:50,52.69324954545454,13.366571727272728
2024.01.31 14:22:51,52.69326836363636,13.366578818181818
2024.01.31 14:22:52,52.69328718181818,13.36658590909091
2024.01.31 14:22:53,52.693306,13.366593
2024.01.31 14:22:54,52.69331154545455,13.366594636363637
2024.01.31 14:22:55,52.69331709090909,13.366596272727273
2024.01.31 14:22:56,52.69332263636364,13.36659790909091
2024.01.31 14:22:57,52.69332818181818,13.366599545454546
2024.01.31 14:22:58,52.69333372727273,13.366601181818183
2024.01.31 14:22:59,52.69333927272727,13.366602818181818
2024.01.31 14:23:00,52.69334481818182,13.366604454545454
2024.01.31 14:23:01,52.69335036363636,13.366606090909091
2024.01.31 14:23:02,52.69335590909091,13.366607727272728
2024.01.31 14:23:03,52.69336145454545,13.366609363636364
2024.01.31 14:23:04,52.693367,13.366611
2024.01.31 14:23:05,52.693371090909096,13.366612181818182
2024.01.31 14:23:06,52.69337518181818,13.366613363636365
2024.01.31 14:23:07,52.69337927272728,13.366614545454546
2024.01.31 14:23:08,52.693383363636364,13.366615727272727
2024.01.31 14:23:09,52.69338745454546,13.36661690909091
2024.01.31 14:23:10,52.693391545454546,13.36661809090909
2024.01.31 14:23:11,52.69339563636364,13.366619272727274
2024.01.31 14:23:12,52.69339972727273,13.366620454545455
2024.01.31 14:23:13,52.69340381818182,13.366621636363636
2024.01.31 14:23:14,52.69340790909091,13.366622818181819
2024.01.31 14:23:15,52.693412,13.366624
2024.01.31 14:23:16,52.69344027272727,13.366630454545454
2024.01.31 14:23:17,52.69346854545455,13.366636909090909
2024.01.31 14:23:18,52.69349681818182,13.366643363636364
2024.01.31 14:23:19,52.69352509090909,13.366649818181818
2024.01.31 14:23:20,52.69355336363636,13.366656272727273
2024.01.31 14:23:21,52.69358163636364,13.366662727272727
2024.01.31 14:23:22,52.69360990909091,13.366669181818182
2024.01.31 14:23:23,52.69363818181818,13.366675636363636
2024.01.31 14:23:24,52.69366645454545,13.36668209090909
2024.01.31 14:23:25,52.69369472727273,13.366688545454545
2024.01.31 14:23:26,52.693723,13.366695
2024.01.31 14:23:27,52.69374509090909,13.366694545454546
2024.01.31 14:23:28,52.69376718181818,13.36669409090909
2024.01.31 14:23:29,52.69378927272727,13.366693636363637
2024.01.31 14:23:30,52.693811363636364,13.366693181818182
2024.01.31 14:23:31,52.693833454545455,13.366692727272728
2024.01.31 14:23:32,52.69385554545455,13.366692272727272
2024.01.31 14:23:33,52.69387763636364,13.366691818181819
2024.01.31 14:23:34,52.69389972727273,13.366691363636363
2024.01.31 14:23:35,52.69392181818182,13.36669090909091
2024.01.31 14:23:36,52.69394390909091,13.366690454545454
2024.01.31 14:23:37,52.693966,13.36669
2024.01.31 14:23:38,52.69398454545455,13.366684090909091
2024.01.31 14:23:39,52.69400309090909,13.366678181818182
2024.01.31 14:23:40,52.69402163636364,13.366672272727273
2024.01.31 14:23:41,52.69404018181818,13.366666363636364
2024.01.31 14:23:42,52.694058727272726,13.366660454545455
2024.01.31 14:23:43,52.69407727272728,13.366654545454546
2024.01.31 14:23:44,52.69409581818182,13.366648636363637
2024.01.31 14:23:45,52.694114363636366,13.366642727272728
2024.01.31 14:23:46,52.69413290909091,13.366636818181819
2024.01.31 14:23:47,52.694151454545455,13.36663090909091
2024.01.31 14:23:48,52.69417,13.366625
2024.01.31 14:23:49,52.694238818181816,13.366584454545455
2024.01.31 14:23:50,52.69430763636364,13.36654390909091
2024.01.31 14:23:51,52.694376454545456,13.366503363636365
2024.01.31 14:23:52,52.69444527272727,13.36646281818182
2024.01.31 14:23:53,52.69451409090909,13.366422272727274
2024.01.31 14:23:54,52.69458290909091,13.366381727272728
2024.01.31 14:23:55,52.69465172727273,13.366341181818182
2024.01.31 14:23:56,52.694720545454544,13.366300636363636
2024.01.31 14:23:57,52.69478936363636,13.366260090909092
2024.01.31 14:23:58,52.694858181818184,13.366219545454546
2024.01.31 14:23:59,52.694927,13.366179
2024.01.31 14:24:00,52.694948545454544,13.366166272727273
2024.01.31 14:24:01,52.69497009090909,13.366153545454546
2024.01.31 14:24:02,52.69499163636364,13.366140818181819
2024.01.31 14:24:03,52.69501318181818,13.366128090909092
2024.01.31 14:24:04,52.69503472727273,13.366115363636364
2024.01.31 14:24:05,52.69505627272727,13.366102636363637
2024.01.31 14:24:06,52.695077818181815,13.36608990909091
2024.01.31 14:24:07,52.69509936363636,13.366077181818182
2024.01.31 14:24:08,52.69512090909091,13.366064454545455
2024.01.31 14:24:09,52.695142454545454,13.366051727272728
2024.01.31 14:24:10,52.695164,13.366039
2024.01.31 14:24:11,52.695282,13.365981272727273
2024.01.31 14:24:12,52.6954,13.365923545454546
2024.01.31 14:24:13,52.695518,13.365865818181819
2024.01.31 14:24:14,52.695636,13.365808090909091
2024.01.31 14:24:15,52.695754,13.365750363636364
2024.01.31 14:24:16,52.695871999999994,13.365692636363637
2024.01.31 14:24:17,52.695989999999995,13.36563490909091
2024.01.31 14:24:18,52.696107999999995,13.365577181818182
2024.01.31 14:24:19,52.696225999999996,13.365519454545455
2024.01.31 14:24:20,52.696343999999996,13.365461727272727
2024.01.31 14:24:21,52.696462,13.365404
2024.01.31 14:24:22,52.696459818181815,13.365388545454545
2024.01.31 14:24:23,52.69645763636363,13.36537309090909
2024.01.31 14:24:24,52.69645545454545,13.365357636363637
2024.01.31 14:24:25,52.69645327272727,13.365342181818182
2024.01.31 14:24:26,52.696451090909086,13.365326727272727
2024.01.31 14:24:27,52.69644890909091,13.365311272727272
2024.01.31 14:24:28,52.69644672727273,13.365295818181817
2024.01.31 14:24:29,52.69644454545455,13.365280363636362
2024.01.31 14:24:30,52.696442363636365,13.365264909090909
2024.01.31 14:24:31,52.69644018181818,13.365249454545454
2024.01.31 14:24:32,52.696438,13.365234
2024.01.31 14:24:33,52.69643809090909,13.365217636363635
2024.01.31 14:24:34,52.69643818181818,13.365201272727273
2024.01.31 14:24:35,52.69643827272727,13.365184909090909
2024.01.31 14:24:36,52.69643836363636,13.365168545454544
2024.01.31 14:24:37,52.69643845454545,13.365152181818182
2024.01.31 14:24:38,52.69643854545455,13.365135818181818
2024.01.31 14:24:39,52.69643863636364,13.365119454545455
2024.01.31 14:24:40,52.69643872727273,13.365103090909091
2024.01.31 14:24:41,52.69643881818182,13.365086727272727
2024.01.31 14:24:42,52.69643890909091,13.365070363636365
2024.01.31 14:24:43,52.696439,13.365054
2024.01.31 14:24:44,52.696442999999995,13.36504390909091
2024.01.31 14:24:45,52.696447,13.36503381818182
2024.01.31 14:24:46,52.696450999999996,13.365023727272728
2024.01.31 14:24:47,52.696455,13.365013636363637
2024.01.31 14:24:48,52.696459,13.365003545454545
2024.01.31 14:24:49,52.696463,13.364993454545456
2024.01.31 14:24:50,52.696467,13.364983363636364
2024.01.31 14:24:51,52.696471,13.364973272727273
2024.01.31 14:24:52,52.696475,13.364963181818181
2024.01.31 14:24:53,52.696479000000004,13.364953090909092
2024.01.31 14:24:54,52.696483,13.364943
2024.01.31 14:24:55,52.69653190909091,13.364892545454545
2024.01.31 14:24:56,52.69658081818182,13.364842090909091
2024.01.31 14:24:57,52.69662972727273,13.364791636363636
2024.01.31 14:24:58,52.696678636363636,13.364741181818182
2024.01.31 14:24:59,52.69672754545454,13.364690727272727
2024.01.31 14:25:00,52.69677645454546,13.364640272727273
2024.01.31 14:25:01,52.696825363636364,13.364589818181818
2024.01.31 14:25:02,52.69687427272727,13.364539363636364
2024.01.31 14:25:03,52.69692318181818,13.364488909090909
2024.01.31 14:25:04,52.69697209090909,13.364438454545455
2024.01.31 14:25:05,52.697021,13.364388
2024.01.31 14:25:06,52.69710418181818,13.364297363636364
2024.01.31 14:25:07,52.69718736363636,13.364206727272727
2024.01.31 14:25:08,52.69727054545454,13.364116090909091
2024.01.31 14:25:09,52.69735372727273,13.364025454545455
2024.01.31 14:25:10,52.69743690909091,13.363934818181818
2024.01.31 14:25:11,52.69752009090909,13.363844181818182
2024.01.31 14:25:12,52.69760327272727,13.363753545454545
2024.01.31 14:25:13,52.697686454545455,13.363662909090909
2024.01.31 14:25:14,52.69776963636364,13.363572272727273
2024.01.31 14:25:15,52.697852818181815,13.363481636363636
2024.01.31 14:25:16,52.697936,13.363391
2024.01.31 14:25:17,52.69801218181818,13.363294363636363
2024.01.31 14:25:18,52.698088363636366,13.363197727272727
2024.01.31 14:25:19,52.698164545454546,13.36310109090909
2024.01.31 14:25:20,52.698240727272726,13.363004454545454
2024.01.31 14:25:21,52.698316909090906,13.362907818181817
2024.01.31 14:25:22,52.69839309090909,13.362811181818183
2024.01.31 14:25:23,52.69846927272727,13.362714545454546
2024.01.31 14:25:24,52.69854545454545,13.36261790909091
2024.01.31 14:25:25,52.69862163636363,13.362521272727273
2024.01.31 14:25:26,52.69869781818182,13.362424636363636
2024.01.31 14:25:27,52.698774,13.362328
2024.01.31 14:25:28,52.69894836363636,13.362105454545455
2024.01.31 14:25:29,52.69912272727273,13.361882909090909
2024.01.31 14:25:30,52.69929709090909,13.361660363636364
2024.01.31 14:25:31,52.69947145454545,13.361437818181818
2024.01.31 14:25:32,52.699645818181814,13.361215272727273
2024.01.31 14:25:33,52.69982018181818,13.360992727272727
2024.01.31 14:25:34,52.699994545454544,13.360770181818182
2024.01.31 14:25:35,52.700168909090905,13.360547636363636
2024.01.31 14:25:36,52.70034327272727,13.360325090909091
2024.01.31 14:25:37,52.700517636363635,13.360102545454545
2024.01.31 14:25:38,52.700692,13.35988
2024.01.31 14:25:39,52.70116109090909,13.359274454545455
2024.01.31 14:25:40,52.70163018181818,13.358668909090909
2024.01.31 14:25:41,52.70209927272727,13.358063363636363
2024.01.31 14:25:42,52.70256836363636,13.357457818181818
2024.01.31 14:25:43,52.70303745454545,13.356852272727272
2024.01.31 14:25:44,52.703506545454545,13.356246727272728
2024.01.31 14:25:45,52.70397563636364,13.355641181818182
2024.01.31 14:25:46,52.70444472727273,13.355035636363636
2024.01.31 14:25:47,52.704913818181815,13.35443009090909
2024.01.31 14:25:48,52.70538290909091,13.353824545454545
2024.01.31 14:25:49,52.705852,13.353219
2024.01.31 14:25:50,52.705881818181815,13.353187636363636
2024.01.31 14:25:51,52.70591163636364,13.353156272727272
2024.01.31 14:25:52,52.70594145454545,13.353124909090909
2024.01.31 14:25:53,52.705971272727275,13.353093545454545
2024.01.31 14:25:54,52.70600109090909,13.353062181818181
2024.01.31 14:25:55,52.70603090909091,13.353030818181818
2024.01.31 14:25:56,52.70606072727273,13.352999454545454
2024.01.31 14:25:57,52.70609054545455,13.35296809090909
2024.01.31 14:25:58,52.706120363636366,13.352936727272727
2024.01.31 14:25:59,52.70615018181819,13.352905363636363
2024.01.31 14:26:00,52.70618,13.352874
2024.01.31 14:26:01,52.70625081818182,13.352827909090909
2024.01.31 14:26:02,52.70632163636364,13.352781818181818
2024.01.31 14:26:03,52.70639245454546,13.352735727272727
2024.01.31 14:26:04,52.70646327272728,13.352689636363635
2024.01.31 14:26:05,52.706534090909095,13.352643545454544
2024.01.31 14:26:06,52.706604909090906,13.352597454545455
2024.01.31 14:26:07,52.706675727272724,13.352551363636364
2024.01.31 14:26:08,52.70674654545454,13.352505272727273
2024.01.31 14:26:09,52.70681736363636,13.352459181818181
2024.01.31 14:26:10,52.70688818181818,13.35241309090909
2024.01.31 14:26:11,52.706959,13.352367
2024.01.31 14:26:12,52.707420727272726,13.352109545454544
2024.01.31 14:26:13,52.707882454545455,13.351852090909091
2024.01.31 14:26:14,52.70834418181818,13.351594636363636
2024.01.31 14:26:15,52.708805909090906,13.351337181818181
2024.01.31 14:26:16,52.709267636363634,13.351079727272726
2024.01.31 14:26:17,52.70972936363636,13.350822272727273
2024.01.31 14:26:18,52.71019109090909,13.350564818181818
2024.01.31 14:26:19,52.71065281818182,13.350307363636363
2024.01.31 14:26:20,52.71111454545454,13.350049909090908
2024.01.31 14:26:21,52.71157627272727,13.349792454545454
2024.01.31 14:26:22,52.712038,13.349535
2024.01.31 14:26:23,52.71220627272727,13.349386545454545
2024.01.31 14:26:24,52.712374545454544,13.34923809090909
2024.01.31 14:26:25,52.71254281818182,13.349089636363637
2024.01.31 14:26:26,52.71271109090909,13.348941181818182
2024.01.31 14:26:27,52.71287936363636,13.348792727272727
2024.01.31 14:26:28,52.71304763636364,13.348644272727272
2024.01.31 14:26:29,52.71321590909091,13.348495818181817
2024.01.31 14:26:30,52.713384181818185,13.348347363636362
2024.01.31 14:26:31,52.71355245454546,13.34819890909091
2024.01.31 14:26:32,52.71372072727273,13.348050454545454
2024.01.31 14:26:33,52.713889,13.347902
2024.01.31 14:26:34,52.713899090909095,13.347892909090909
2024.01.31 14:26:35,52.71390918181818,13.347883818181817
2024.01.31 14:26:36,52.713919272727274,13.347874727272727
2024.01.31 14:26:37,52.71392936363637,13.347865636363636
2024.01.31 14:26:38,52.713939454545454,13.347856545454546
2024.01.31 14:26:39,52.71394954545455,13.347847454545454
2024.01.31 14:26:40,52.71395963636363,13.347838363636363
2024.01.31 14:26:41,52.713969727272726,13.347829272727273
2024.01.31 14:26:42,52.71397981818182,13.347820181818182
2024.01.31 14:26:43,52.713989909090905,13.34781109090909
2024.01.31 14:26:44,52.714,13.347802
2024.01.31 14:26:45,52.713989909090905,13.34781109090909
2024.01.31 14:26:46,52.71397981818182,13.347820181818182
2024.01.31 14:26:47,52.713969727272726,13.347829272727273
2024.01.31 14:26:48,52.71395963636363,13.347838363636363
2024.01.31 14:26:49,52.71394954545455,13.347847454545454
2024.01.31 14:26:50,52.713939454545454,13.347856545454546
2024.01.31 14:26:51,52.71392936363637,13.347865636363636
2024.01.31 14:26:52,52.713919272727274,13.347874727272727
2024.01.31 14:26:53,52.71390918181818,13.347883818181817
2024.01.31 14:26:54,52.713899090909095,13.347892909090909
2024.01.31 14:26:55,52.713889,13.347902
2024.01.31 14:26:56,52.713899181818185,13.347909363636363
2024.01.31 14:26:57,52.71390936363637,13.347916727272727
2024.01.31 14:26:58,52.713919545454544,13.34792409090909
2024.01.31 14:26:59,52.71392972727273,13.347931454545455
2024.01.31 14:27:00,52.71393990909091,13.347938818181818
2024.01.31 14:27:01,52.713950090909094,13.34794618181818
2024.01.31 14:27:02,52.71396027272728,13.347953545454544
2024.01.31 14:27:03,52.71397045454546,13.347960909090908
2024.01.31 14:27:04,52.71398063636364,13.347968272727272
2024.01.31 14:27:05,52.71399081818182,13.347975636363635
2024.01.31 14:27:06,52.714001,13.347983
2024.01.31 14:27:07,52.71401390909091,13.347996545454544
2024.01.31 14:27:08,52.71402681818182,13.34801009090909
2024.01.31 14:27:09,52.71403972727273,13.348023636363635
2024.01.31 14:27:10,52.71405263636364,13.348037181818182
2024.01.31 14:27:11,52.714065545454545,13.348050727272726
2024.01.31 14:27:12,52.71407845454546,13.348064272727273
2024.01.31 14:27:13,52.71409136363636,13.348077818181817
2024.01.31 14:27:14,52.714104272727276,13.348091363636364
2024.01.31 14:27:15,52.71411718181818,13.348104909090909
2024.01.31 14:27:16,52.714130090909094,13.348118454545455
2024.01.31 14:27:17,52.714143,13.348132
2024.01.31 14:27:18,52.71416318181818,13.348161
2024.01.31 14:27:19,52.714183363636366,13.34819
2024.01.31 14:27:20,52.714203545454545,13.348219
2024.01.31 14:27:21,52.714223727272724,13.348248
2024.01.31 14:27:22,52.71424390909091,13.348277
2024.01.31 14:27:23,52.71426409090909,13.348306000000001
2024.01.31 14:27:24,52.71428427272728,13.348335
2024.01.31 14:27:25,52.714304454545456,13.348364
2024.01.31 14:27:26,52.714324636363635,13.348393
2024.01.31 14:27:27,52.71434481818182,13.348422000000001
2024.01.31 14:27:28,52.714365,13.348451
2024.01.31 14:27:29,52.714372181818185,13.348468090909092
2024.01.31 14:27:30,52.71437936363636,13.348485181818182
2024.01.31 14:27:31,52.714386545454545,13.348502272727274
2024.01.31 14:27:32,52.71439372727273,13.348519363636365
2024.01.31 14:27:33,52.71440090909091,13.348536454545455
2024.01.31 14:27:34,52.71440809090909,13.348553545454546
2024.01.31 14:27:35,52.71441527272727,13.348570636363636
2024.01.31 14:27:36,52.714422454545456,13.348587727272728
2024.01.31 14:27:37,52.71442963636364,13.348604818181819
2024.01.31 14:27:38,52.71443681818182,13.348621909090909
2024.01.31 14:27:39,52.714444,13.348639
2024.01.31 14:27:40,52.71453672727273,13.348859000000001
2024.01.31 14:27:41,52.71462945454545,13.349079
2024.01.31 14:27:42,52.71472218181818,13.349299
2024.01.31 14:27:43,52.71481490909091,13.349519
2024.01.31 14:27:44,52.714907636363634,13.349739
2024.01.31 14:27:45,52.71500036363636,13.349959
2024.01.31 14:27:46,52.715093090909086,13.350178999999999
2024.01.31 14:27:47,52.715185818181816,13.350399
2024.01.31 14:27:48,52.715278545454545,13.350619
2024.01.31 14:27:49,52.71537127272727,13.350838999999999
2024.01.31 14:27:50,52.715464,13.351059
2024.01.31 14:27:51,52.71547527272727,13.351090272727273
2024.01.31 14:27:52,52.715486545454546,13.351121545454545
2024.01.31 14:27:53,52.71549781818182,13.351152818181818
2024.01.31 14:27:54,52.71550909090909,13.35118409090909
2024.01.31 14:27:55,52.71552036363636,13.351215363636364
2024.01.31 14:27:56,52.715531636363636,13.351246636363635
2024.01.31 14:27:57,52.71554290909091,13.351277909090909
2024.01.31 14:27:58,52.71555418181818,13.35130918181818
2024.01.31 14:27:59,52.71556545454545,13.351340454545454
2024.01.31 14:28:00,52.715576727272726,13.351371727272726
2024.01.31 14:28:01,52.715588,13.351403
2024.01.31 14:28:02,52.71559745454545,13.351438272727272
2024.01.31 14:28:03,52.71560690909091,13.351473545454546
2024.01.31 14:28:04,52.71561636363636,13.351508818181818
2024.01.31 14:28:05,52.71562581818181,13.35154409090909
2024.01.31 14:28:06,52.71563527272727,13.351579363636363
2024.01.31 14:28:07,52.715644727272725,13.351614636363637
2024.01.31 14:28:08,52.71565418181818,13.35164990909091
2024.01.31 14:28:09,52.71566363636364,13.351685181818182
2024.01.31 14:28:10,52.715673090909085,13.351720454545454
2024.01.31 14:28:11,52.71568254545454,13.351755727272728
2024.01.31 14:28:12,52.715692,13.351791
2024.01.31 14:28:13,52.715773818181816,13.352143727272727
2024.01.31 14:28:14,52.715855636363635,13.352496454545454
2024.01.31 14:28:15,52.715937454545454,13.352849181818183
2024.01.31 14:28:16,52.71601927272727,13.35320190909091
2024.01.31 14:28:17,52.71610109090909,13.353554636363636
2024.01.31 14:28:18,52.716182909090904,13.353907363636363
2024.01.31 14:28:19,52.71626472727272,13.35426009090909
2024.01.31 14:28:20,52.71634654545454,13.354612818181817
2024.01.31 14:28:21,52.71642836363636,13.354965545454546
2024.01.31 14:28:22,52.71651018181818,13.355318272727272
2024.01.31 14:28:23,52.716592,13.355671
2024.01.31 14:28:24,52.716697545454544,13.356081999999999
2024.01.31 14:28:25,52.71680309090909,13.356492999999999
2024.01.31 14:28:26,52.716908636363634,13.356904
2024.01.31 14:28:27,52.71701418181818,13.357315
2024.01.31 14:28:28,52.717119727272724,13.357726
2024.01.31 14:28:29,52.717225272727276,13.358137
2024.01.31 14:28:30,52.71733081818182,13.358547999999999
2024.01.31 14:28:31,52.71743636363637,13.358958999999999
2024.01.31 14:28:32,52.71754190909091,13.35937
2024.01.31 14:28:33,52.71764745454546,13.359781
2024.01.31 14:28:34,52.717753,13.360192
2024.01.31 14:28:35,52.717760181818186,13.360215727272728
2024.01.31 14:28:36,52.71776736363636,13.360239454545454
2024.01.31 14:28:37,52.717774545454546,13.360263181818182
2024.01.31 14:28:38,52.71778172727273,13.36028690909091
2024.01.31 14:28:39,52.71778890909091,13.360310636363636
2024.01.31 14:28:40,52.71779609090909,13.360334363636364
2024.01.31 14:28:41,52.717803272727274,13.36035809090909
2024.01.31 14:28:42,52.71781045454546,13.360381818181818
2024.01.31 14:28:43,52.71781763636364,13.360405545454546
2024.01.31 14:28:44,52.71782481818182,13.360429272727272
2024.01.31 14:28:45,52.717832,13.360453
2024.01.31 14:28:46,52.71784945454546,13.3605
2024.01.31 14:28:47,52.71786690909091,13.360547
2024.01.31 14:28:48,52.717884363636365,13.360593999999999
2024.01.31 14:28:49,52.71790181818182,13.360641
2024.01.31 14:28:50,52.71791927272727,13.360688
2024.01.31 14:28:51,52.71793672727273,13.360735
2024.01.31 14:28:52,52.71795418181818,13.360782
2024.01.31 14:28:53,52.717971636363636,13.360829
2024.01.31 14:28:54,52.71798909090909,13.360876
2024.01.31 14:28:55,52.71800654545454,13.360923
2024.01.31 14:28:56,52.718024,13.36097
2024.01.31 14:28:57,52.71807936363636,13.361095
2024.01.31 14:28:58,52.71813472727273,13.36122
2024.01.31 14:28:59,52.71819009090909,13.361345
2024.01.31 14:29:00,52.71824545454545,13.36147
2024.01.31 14:29:01,52.71830081818182,13.361595
2024.01.31 14:29:02,52.71835618181818,13.36172
2024.01.31 14:29:03,52.71841154545454,13.361844999999999
2024.01.31 14:29:04,52.71846690909091,13.36197
2024.01.31 14:29:05,52.71852227272727,13.362095
2024.01.31 14:29:06,52.718577636363634,13.362219999999999
2024.01.31 14:29:07,52.718633,13.362345
2024.01.31 14:29:08,52.71868427272727,13.362497272727273
2024.01.31 14:29:09,52.71873554545454,13.362649545454545
2024.01.31 14:29:10,52.71878681818182,13.362801818181818
2024.01.31 14:29:11,52.71883809090909,13.36295409090909
2024.01.31 14:29:12,52.718889363636364,13.363106363636364
2024.01.31 14:29:13,52.718940636363634,13.363258636363636
2024.01.31 14:29:14,52.71899190909091,13.36341090909091
2024.01.31 14:29:15,52.71904318181818,13.363563181818181
2024.01.31 14:29:16,52.719094454545456,13.363715454545455
2024.01.31 14:29:17,52.719145727272725,13.363867727272726
2024.01.31 14:29:18,52.719197,13.36402
2024.01.31 14:29:19,52.71921790909091,13.364075545454545
2024.01.31 14:29:20,52.71923881818182,13.36413109090909
2024.01.31 14:29:21,52.71925972727273,13.364186636363636
2024.01.31 14:29:22,52.719280636363635,13.364242181818181
2024.01.31 14:29:23,52.71930154545455,13.364297727272726
2024.01.31 14:29:24,52.719322454545456,13.364353272727273
2024.01.31 14:29:25,52.71934336363637,13.364408818181818
2024.01.31 14:29:26,52.719364272727276,13.364464363636364
2024.01.31 14:29:27,52.71938518181818,13.364519909090909
2024.01.31 14:29:28,52.7194060909091,13.364575454545454
2024.01.31 14:29:29,52.719427,13.364631
2024.01.31 14:29:30,52.71948163636364,13.364750727272726
2024.01.31 14:29:31,52.719536272727275,13.364870454545454
2024.01.31 14:29:32,52.71959090909091,13.36499018181818
2024.01.31 14:29:33,52.71964554545455,13.365109909090908
2024.01.31 14:29:34,52.71970018181818,13.365229636363635
2024.01.31 14:29:35,52.71975481818182,13.365349363636364
2024.01.31 14:29:36,52.719809454545455,13.365469090909091
2024.01.31 14:29:37,52.71986409090909,13.365588818181818
2024.01.31 14:29:38,52.71991872727273,13.365708545454545
2024.01.31 14:29:39,52.71997336363636,13.365828272727272
2024.01.31 14:29:40,52.720028,13.365948
2024.01.31 14:29:41,52.72004454545454,13.365973909090908
2024.01.31 14:29:42,52.72006109090909,13.365999818181818
2024.01.31 14:29:43,52.720077636363634,13.366025727272726
2024.01.31 14:29:44,52.72009418181818,13.366051636363636
2024.01.31 14:29:45,52.720110727272726,13.366077545454544
2024.01.31 14:29:46,52.720127272727275,13.366103454545454
2024.01.31 14:29:47,52.72014381818182,13.366129363636363
2024.01.31 14:29:48,52.72016036363637,13.366155272727273
2024.01.31 14:29:49,52.72017690909091,13.366181181818181
2024.01.31 14:29:50,52.72019345454546,13.366207090909091
2024.01.31 14:29:51,52.72021,13.366233
2024.01.31 14:29:52,52.72023845454546,13.366259545454545
2024.01.31 14:29:53,52.72026690909091,13.36628609090909
2024.01.31 14:29:54,52.72029536363637,13.366312636363636
2024.01.31 14:29:55,52.72032381818182,13.366339181818182
2024.01.31 14:29:56,52.720352272727276,13.366365727272727
2024.01.31 14:29:57,52.720380727272726,13.366392272727271
2024.01.31 14:29:58,52.720409181818184,13.366418818181817
2024.01.31 14:29:59,52.720437636363634,13.366445363636362
2024.01.31 14:30:00,52.72046609090909,13.366471909090908
2024.01.31 14:30:01,52.72049454545454,13.366498454545454
2024.01.31 14:30:02,52.720523,13.366525
2024.01.31 14:30:03,52.72053372727273,13.366537545454545
2024.01.31 14:30:04,52.720544454545454,13.36655009090909
2024.01.31 14:30:05,52.720555181818185,13.366562636363636
2024.01.31 14:30:06,52.72056590909091,13.366575181818181
2024.01.31 14:30:07,52.72057663636364,13.366587727272726
2024.01.31 14:30:08,52.72058736363636,13.366600272727274
2024.01.31 14:30:09,52.72059809090909,13.36661281818182
2024.01.31 14:30:10,52.720608818181816,13.366625363636365
2024.01.31 14:30:11,52.72061954545455,13.36663790909091
2024.01.31 14:30:12,52.72063027272727,13.366650454545455
2024.01.31 14:30:13,52.720641,13.366663
2024.01.31 14:30:14,52.720648363636364,13.366683
2024.01.31 14:30:15,52.72065572727273,13.366703000000001
2024.01.31 14:30:16,52.72066309090909,13.366723
2024.01.31 14:30:17,52.720670454545456,13.366743
2024.01.31 14:30:18,52.72067781818182,13.366763
2024.01.31 14:30:19,52.72068518181818,13.366783
2024.01.31 14:30:20,52.72069254545455,13.366803
2024.01.31 14:30:21,52.72069990909091,13.366823
2024.01.31 14:30:22,52.720707272727275,13.366843
2024.01.31 14:30:23,52.72071463636364,13.366863
2024.01.31 14:30:24,52.720722,13.366883
2024.01.31 14:30:25,52.720726454545456,13.366901818181818
2024.01.31 14:30:26,52.72073090909091,13.366920636363636
2024.01.31 14:30:27,52.720735363636365,13.366939454545454
2024.01.31 14:30:28,52.72073981818182,13.366958272727272
2024.01.31 14:30:29,52.72074427272727,13.36697709090909
2024.01.31 14:30:30,52.72074872727273,13.366995909090909
2024.01.31 14:30:31,52.72075318181818,13.367014727272727
2024.01.31 14:30:32,52.720757636363636,13.367033545454545
2024.01.31 14:30:33,52.72076209090909,13.367052363636363
2024.01.31 14:30:34,52.720766545454545,13.367071181818181
2024.01.31 14:30:35,52.720771,13.36709
2024.01.31 14:30:36,52.720763636363635,13.367096818181817
2024.01.31 14:30:37,52.72075627272727,13.367103636363636
2024.01.31 14:30:38,52.72074890909091,13.367110454545454
2024.01.31 14:30:39,52.720741545454544,13.367117272727272
2024.01.31 14:30:40,52.72073418181818,13.36712409090909
2024.01.31 14:30:41,52.72072681818182,13.367130909090909
2024.01.31 14:30:42,52.72071945454545,13.367137727272727
2024.01.31 14:30:43,52.72071209090909,13.367144545454545
2024.01.31 14:30:44,52.720704727272725,13.367151363636363
2024.01.31 14:30:45,52.72069736363636,13.367158181818182
2024.01.31 14:30:46,52.72069,13.367165
2024.01.31 14:30:47,52.72068645454545,13.367177727272727
2024.01.31 14:30:48,52.720682909090904,13.367190454545455
2024.01.31 14:30:49,52.720679363636364,13.367203181818182
2024.01.31 14:30:50,52.72067581818182,13.367215909090909
2024.01.31 14:30:51,52.72067227272727,13.367228636363636
2024.01.31 14:30:52,52.720668727272724,13.367241363636364
2024.01.31 14:30:53,52.72066518181818,13.367254090909091
2024.01.31 14:30:54,52.72066163636363,13.367266818181818
2024.01.31 14:30:55,52.72065809090909,13.367279545454545
2024.01.31 14:30:56,52.72065454545454,13.367292272727273
2024.01.31 14:30:57,52.720651,13.367305
2024.01.31 14:30:58,52.72065109090909,13.36731209090909
2024.01.31 14:30:59,52.72065118181818,13.367319181818182
2024.01.31 14:31:00,52.720651272727274,13.367326272727272
2024.01.31 14:31:01,52.720651363636364,13.367333363636364
2024.01.31 14:31:02,52.720651454545454,13.367340454545454
2024.01.31 14:31:03,52.720651545454544,13.367347545454546
2024.01.31 14:31:04,52.720651636363634,13.367354636363636
2024.01.31 14:31:05,52.720651727272724,13.367361727272728
2024.01.31 14:31:06,52.72065181818182,13.367368818181818
2024.01.31 14:31:07,52.72065190909091,13.36737590909091
2024.01.31 14:31:08,52.720652,13.367383
2024.01.31 14:31:09,52.720656090909095,13.367395181818182
2024.01.31 14:31:10,52.72066018181818,13.367407363636364
2024.01.31 14:31:11,52.72066427272728,13.367419545454545
2024.01.31 14:31:12,52.72066836363636,13.367431727272727
2024.01.31 14:31:13,52.72067245454546,13.367443909090909
2024.01.31 14:31:14,52.720676545454545,13.36745609090909
2024.01.31 14:31:15,52.72068063636364,13.367468272727272
2024.01.31 14:31:16,52.720684727272726,13.367480454545454
2024.01.31 14:31:17,52.72068881818182,13.367492636363636
2024.01.31 14:31:18,52.72069290909091,13.367504818181818
2024.01.31 14:31:19,52.720697,13.367517
2024.01.31 14:31:20,52.72070045454546,13.367521
2024.01.31 14:31:21,52.72070390909091,13.367524999999999
2024.01.31 14:31:22,52.720707363636365,13.367529
2024.01.31 14:31:23,52.72071081818182,13.367533
2024.01.31 14:31:24,52.72071427272727,13.367537
2024.01.31 14:31:25,52.72071772727273,13.367541
2024.01.31 14:31:26,52.72072118181818,13.367545
2024.01.31 14:31:27,52.720724636363634,13.367549
2024.01.31 14:31:28,52.72072809090909,13.367553000000001
2024.01.31 14:31:29,52.72073154545454,13.367557
2024.01.31 14:31:30,52.720735,13.367561
2024.01.31 14:31:31,52.72074336363636,13.367563
2024.01.31 14:31:32,52.72075172727273,13.367565
2024.01.31 14:31:33,52.72076009090909,13.367567
2024.01.31 14:31:34,52.72076845454545,13.367569
2024.01.31 14:31:35,52.72077681818182,13.367571
2024.01.31 14:31:36,52.72078518181818,13.367573
2024.01.31 14:31:37,52.72079354545455,13.367575
2024.01.31 14:31:38,52.72080190909091,13.367577
2024.01.31 14:31:39,52.72081027272727,13.367579
2024.01.31 14:31:40,52.72081863636364,13.367581
2024.01.31 14:31:41,52.720827,13.367583
2024.01.31 14:31:42,52.720828272727275,13.367592363636364
2024.01.31 14:31:43,52.72082954545454,13.367601727272728
2024.01.31 14:31:44,52.72083081818182,13.36761109090909
2024.01.31 14:31:45,52.72083209090909,13.367620454545454
2024.01.31 14:31:46,52.720833363636366,13.367629818181818
2024.01.31 14:31:47,52.720834636363634,13.367639181818182
2024.01.31 14:31:48,52.72083590909091,13.367648545454546
2024.01.31 14:31:49,52.72083718181818,13.36765790909091
2024.01.31 14:31:50,52.72083845454546,13.367667272727273
2024.01.31 14:31:51,52.720839727272725,13.367676636363637
2024.01.31 14:31:52,52.720841,13.367686
2024.01.31 14:31:53,52.720881,13.367775181818182
2024.01.31 14:31:54,52.720921,13.367864363636365
2024.01.31 14:31:55,52.720961,13.367953545454546
2024.01.31 14:31:56,52.721001,13.368042727272728
2024.01.31 14:31:57,52.721041,13.36813190909091
2024.01.31 14:31:58,52.721081,13.368221090909092
2024.01.31 14:31:59,52.721121,13.368310272727273
2024.01.31 14:32:00,52.721160999999995,13.368399454545456
2024.01.31 14:32:01,52.721201,13.368488636363637
2024.01.31 14:32:02,52.721241,13.36857781818182
2024.01.31 14:32:03,52.721281,13.368667
2024.01.31 14:32:04,52.721371363636365,13.368914818181818
2024.01.31 14:32:05,52.721461727272725,13.369162636363637
2024.01.31 14:32:06,52.72155209090909,13.369410454545454
2024.01.31 14:32:07,52.72164245454545,13.369658272727273
2024.01.31 14:32:08,52.72173281818182,13.36990609090909
2024.01.31 14:32:09,52.72182318181818,13.37015390909091
2024.01.31 14:32:10,52.72191354545455,13.370401727272727
2024.01.31 14:32:11,52.72200390909091,13.370649545454546
2024.01.31 14:32:12,52.722094272727276,13.370897363636363
2024.01.31 14:32:13,52.722184636363636,13.371145181818182
2024.01.31 14:32:14,52.722275,13.371393
2024.01.31 14:32:15,52.722341909090915,13.371567727272726
2024.01.31 14:32:16,52.72240881818182,13.371742454545455
2024.01.31 14:32:17,52.72247572727273,13.371917181818182
2024.01.31 14:32:18,52.72254263636364,13.372091909090909
2024.01.31 14:32:19,52.722609545454546,13.372266636363635
2024.01.31 14:32:20,52.72267645454546,13.372441363636364
2024.01.31 14:32:21,52.72274336363636,13.37261609090909
2024.01.31 14:32:22,52.72281027272727,13.372790818181818
2024.01.31 14:32:23,52.722877181818184,13.372965545454544
2024.01.31 14:32:24,52.72294409090909,13.373140272727273
2024.01.31 14:32:25,52.723011,13.373315
2024.01.31 14:32:26,52.72303418181818,13.373356818181819
2024.01.31 14:32:27,52.723057363636364,13.373398636363635
2024.01.31 14:32:28,52.72308054545454,13.373440454545454
2024.01.31 14:32:29,52.72310372727273,13.373482272727273
2024.01.31 14:32:30,52.72312690909091,13.373524090909092
2024.01.31 14:32:31,52.723150090909094,13.373565909090908
2024.01.31 14:32:32,52.72317327272727,13.373607727272727
2024.01.31 14:32:33,52.72319645454546,13.373649545454546
2024.01.31 14:32:34,52.72321963636364,13.373691363636365
2024.01.31 14:32:35,52.723242818181824,13.373733181818181
2024.01.31 14:32:36,52.723266,13.373775
2024.01.31 14:32:37,52.72328872727273,13.37382209090909
2024.01.31 14:32:38,52.72331145454545,13.373869181818183
2024.01.31 14:32:39,52.72333418181818,13.373916272727273
2024.01.31 14:32:40,52.72335690909091,13.373963363636364
2024.01.31 14:32:41,52.72337963636364,13.374010454545454
2024.01.31 14:32:42,52.72340236363636,13.374057545454546
2024.01.31 14:32:43,52.72342509090909,13.374104636363636
2024.01.31 14:32:44,52.72344781818182,13.374151727272727
2024.01.31 14:32:45,52.723470545454546,13.374198818181817
2024.01.31 14:32:46,52.72349327272727,13.37424590909091
2024.01.31 14:32:47,52.723516,13.374293
2024.01.31 14:32:48,52.723527636363634,13.374323727272728
2024.01.31 14:32:49,52.72353927272727,13.374354454545454
2024.01.31 14:32:50,52.7235509090909,13.374385181818182
2024.01.31 14:32:51,52.72356254545454,13.37441590909091
2024.01.31 14:32:52,52.72357418181818,13.374446636363636
2024.01.31 14:32:53,52.72358581818182,13.374477363636364
2024.01.31 14:32:54,52.723597454545455,13.37450809090909
2024.01.31 14:32:55,52.72360909090909,13.374538818181819
2024.01.31 14:32:56,52.723620727272724,13.374569545454547
2024.01.31 14:32:57,52.72363236363636,13.374600272727273
2024.01.31 14:32:58,52.723644,13.374631
2024.01.31 14:32:59,52.72364445454546,13.374634
2024.01.31 14:33:00,52.72364490909091,13.374637
2024.01.31 14:33:01,52.723645363636365,13.374640000000001
2024.01.31 14:33:02,52.72364581818182,13.374643
2024.01.31 14:33:03,52.72364627272727,13.374646
2024.01.31 14:33:04,52.72364672727273,13.374649
2024.01.31 14:33:05,52.72364718181818,13.374652
2024.01.31 14:33:06,52.72364763636364,13.374654999999999
2024.01.31 14:33:07,52.723648090909094,13.374658
2024.01.31 14:33:08,52.723648545454544,13.374661
2024.01.31 14:33:09,52.723649,13.374664
2024.01.31 14:33:10,52.72369690909091,13.374861999999998
2024.01.31 14:33:11,52.72374481818182,13.37506
2024.01.31 14:33:12,52.72379272727273,13.375257999999999
2024.01.31 14:33:13,52.72384063636364,13.375456
2024.01.31 14:33:14,52.72388854545455,13.375653999999999
2024.01.31 14:33:15,52.72393645454545,13.375852
2024.01.31 14:33:16,52.72398436363636,13.37605
2024.01.31 14:33:17,52.72403227272727,13.376248
2024.01.31 14:33:18,52.72408018181818,13.376446
2024.01.31 14:33:19,52.72412809090909,13.376644
2024.01.31 14:33:20,52.724176,13.376842
2024.01.31 14:33:21,52.72420127272727,13.376938545454545
2024.01.31 14:33:22,52.72422654545455,13.377035090909091
2024.01.31 14:33:23,52.72425181818182,13.377131636363636
2024.01.31 14:33:24,52.72427709090909,13.37722818181818
2024.01.31 14:33:25,52.72430236363636,13.377324727272727
2024.01.31 14:33:26,52.72432763636364,13.377421272727272
2024.01.31 14:33:27,52.72435290909091,13.377517818181818
2024.01.31 14:33:28,52.72437818181818,13.377614363636363
2024.01.31 14:33:29,52.72440345454545,13.377710909090908
2024.01.31 14:33:30,52.72442872727273,13.377807454545454
2024.01.31 14:33:31,52.724454,13.377904
2024.01.31 14:33:32,52.72447654545455,13.377946545454545
2024.01.31 14:33:33,52.72449909090909,13.37798909090909
2024.01.31 14:33:34,52.72452163636364,13.378031636363636
2024.01.31 14:33:35,52.72454418181818,13.378074181818182
2024.01.31 14:33:36,52.72456672727273,13.378116727272728
2024.01.31 14:33:37,52.72458927272727,13.378159272727272
2024.01.31 14:33:38,52.72461181818182,13.378201818181818
2024.01.31 14:33:39,52.72463436363636,13.378244363636364
2024.01.31 14:33:40,52.72465690909091,13.37828690909091
2024.01.31 14:33:41,52.72467945454545,13.378329454545455
2024.01.31 14:33:42,52.724702,13.378372
2024.01.31 14:33:43,52.724872,13.378653181818182
2024.01.31 14:33:44,52.725042,13.378934363636365
2024.01.31 14:33:45,52.725212,13.379215545454546
2024.01.31 14:33:46,52.725381999999996,13.379496727272727
2024.01.31 14:33:47,52.725552,13.37977790909091
2024.01.31 14:33:48,52.725722,13.380059090909091
2024.01.31 14:33:49,52.725892,13.380340272727274
2024.01.31 14:33:50,52.726062,13.380621454545455
2024.01.31 14:33:51,52.726231999999996,13.380902636363636
2024.01.31 14:33:52,52.726402,13.38118381818182
2024.01.31 14:33:53,52.726572,13.381465
2024.01.31 14:33:54,52.72660572727273,13.381538454545455
2024.01.31 14:33:55,52.72663945454545,13.381611909090909
2024.01.31 14:33:56,52.72667318181818,13.381685363636365
2024.01.31 14:33:57,52.72670690909091,13.381758818181819
2024.01.31 14:33:58,52.72674063636364,13.381832272727273
2024.01.31 14:33:59,52.72677436363636,13.381905727272727
2024.01.31 14:34:00,52.72680809090909,13.381979181818181
2024.01.31 14:34:01,52.72684181818182,13.382052636363635
2024.01.31 14:34:02,52.72687554545455,13.382126090909091
2024.01.31 14:34:03,52.72690927272727,13.382199545454545
2024.01.31 14:34:04,52.726943,13.382273
2024.01.31 14:34:05,52.72695136363636,13.382297636363637
2024.01.31 14:34:06,52.72695972727273,13.382322272727272
2024.01.31 14:34:07,52.72696809090909,13.38234690909091
2024.01.31 14:34:08,52.72697645454545,13.382371545454545
2024.01.31 14:34:09,52.72698481818182,13.382396181818182
2024.01.31 14:34:10,52.72699318181818,13.382420818181817
2024.01.31 14:34:11,52.72700154545455,13.382445454545454
2024.01.31 14:34:12,52.72700990909091,13.38247009090909
2024.01.31 14:34:13,52.72701827272727,13.382494727272727
2024.01.31 14:34:14,52.72702663636364,13.382519363636362
2024.01.31 14:34:15,52.727035,13.382544
2024.01.31 14:34:16,52.72710581818182,13.382751909090908
2024.01.31 14:34:17,52.72717663636364,13.382959818181817
2024.01.31 14:34:18,52.727247454545456,13.383167727272728
2024.01.31 14:34:19,52.727318272727274,13.383375636363636
2024.01.31 14:34:20,52.72738909090909,13.383583545454545
2024.01.31 14:34:21,52.72745990909091,13.383791454545454
2024.01.31 14:34:22,52.72753072727273,13.383999363636363
2024.01.31 14:34:23,52.72760154545455,13.384207272727272
2024.01.31 14:34:24,52.727672363636366,13.384415181818182
2024.01.31 14:34:25,52.727743181818184,13.384623090909091
2024.01.31 14:34:26,52.727814,13.384831
2024.01.31 14:34:27,52.72784663636364,13.384925272727273
2024.01.31 14:34:28,52.72787927272727,13.385019545454545
2024.01.31 14:34:29,52.72791190909091,13.385113818181818
2024.01.31 14:34:30,52.72794454545455,13.38520809090909
2024.01.31 14:34:31,52.72797718181818,13.385302363636363
2024.01.31 14:34:32,52.72800981818182,13.385396636363637
2024.01.31 14:34:33,52.72804245454545,13.38549090909091
2024.01.31 14:34:34,52.72807509090909,13.385585181818183
2024.01.31 14:34:35,52.72810772727273,13.385679454545455
2024.01.31 14:34:36,52.72814036363636,13.385773727272728
2024.01.31 14:34:37,52.728173,13.385868
2024.01.31 14:34:38,52.72817863636364,13.385876909090909
2024.01.31 14:34:39,52.72818427272727,13.38588581818182
2024.01.31 14:34:40,52.72818990909091,13.385894727272728
2024.01.31 14:34:41,52.72819554545455,13.385903636363636
2024.01.31 14:34:42,52.72820118181818,13.385912545454545
2024.01.31 14:34:43,52.72820681818182,13.385921454545455
2024.01.31 14:34:44,52.72821245454545,13.385930363636364
2024.01.31 14:34:45,52.72821809090909,13.385939272727272
2024.01.31 14:34:46,52.72822372727273,13.385948181818181
2024.01.31 14:34:47,52.72822936363636,13.385957090909091
2024.01.31 14:34:48,52.728235,13.385966
2024.01.31 14:34:49,52.728241636363634,13.385971636363637
2024.01.31 14:34:50,52.72824827272727,13.385977272727272
2024.01.31 14:34:51,52.72825490909091,13.38598290909091
2024.01.31 14:34:52,52.728261545454544,13.385988545454545
2024.01.31 14:34:53,52.72826818181818,13.385994181818182
2024.01.31 14:34:54,52.728274818181816,13.385999818181817
2024.01.31 14:34:55,52.72828145454545,13.386005454545455
2024.01.31 14:34:56,52.72828809090909,13.38601109090909
2024.01.31 14:34:57,52.728294727272726,13.386016727272727
2024.01.31 14:34:58,52.72830136363636,13.386022363636362
2024.01.31 14:34:59,52.728308,13.386028
2024.01.31 14:35:00,52.728317272727274,13.386033
2024.01.31 14:35:01,52.72832654545454,13.386038
2024.01.31 14:35:02,52.72833581818182,13.386042999999999
2024.01.31 14:35:03,52.72834509090909,13.386047999999999
2024.01.31 14:35:04,52.72835436363636,13.386052999999999
2024.01.31 14:35:05,52.72836363636363,13.386058
2024.01.31 14:35:06,52.72837290909091,13.386063
2024.01.31 14:35:07,52.728382181818176,13.386068
2024.01.31 14:35:08,52.72839145454545,13.386073
2024.01.31 14:35:09,52.72840072727272,13.386078
2024.01.31 14:35:10,52.72841,13.386083
2024.01.31 14:35:11,52.72843027272727,13.386088727272726
2024.01.31 14:35:12,52.72845054545454,13.386094454545454
2024.01.31 14:35:13,52.72847081818182,13.38610018181818
2024.01.31 14:35:14,52.72849109090909,13.386105909090908
2024.01.31 14:35:15,52.728511363636365,13.386111636363635
2024.01.31 14:35:16,52.728531636363634,13.386117363636364
2024.01.31 14:35:17,52.72855190909091,13.386123090909091
2024.01.31 14:35:18,52.72857218181818,13.386128818181819
2024.01.31 14:35:19,52.728592454545456,13.386134545454546
2024.01.31 14:35:20,52.728612727272726,13.386140272727273
2024.01.31 14:35:21,52.728633,13.386146
2024.01.31 14:35:22,52.72866736363637,13.386161545454545
2024.01.31 14:35:23,52.72870172727273,13.386177090909092
2024.01.31 14:35:24,52.728736090909095,13.386192636363637
2024.01.31 14:35:25,52.728770454545455,13.386208181818182
2024.01.31 14:35:26,52.72880481818182,13.386223727272727
2024.01.31 14:35:27,52.72883918181818,13.386239272727273
2024.01.31 14:35:28,52.72887354545455,13.386254818181818
2024.01.31 14:35:29,52.72890790909091,13.386270363636363
2024.01.31 14:35:30,52.728942272727274,13.386285909090908
2024.01.31 14:35:31,52.72897663636363,13.386301454545455
2024.01.31 14:35:32,52.729011,13.386317
2024.01.31 14:35:33,52.729034,13.386336272727272
2024.01.31 14:35:34,52.729057,13.386355545454546
2024.01.31 14:35:35,52.72908,13.386374818181817
2024.01.31 14:35:36,52.729103,13.386394090909091
2024.01.31 14:35:37,52.729126,13.386413363636363
2024.01.31 14:35:38,52.729149,13.386432636363637
2024.01.31 14:35:39,52.729172,13.386451909090908
2024.01.31 14:35:40,52.729195,13.386471181818182
2024.01.31 14:35:41,52.729218,13.386490454545454
2024.01.31 14:35:42,52.729241,13.386509727272728
2024.01.31 14:35:43,52.729264,13.386529
2024.01.31 14:35:44,52.72927318181818,13.38653909090909
2024.01.31 14:35:45,52.729282363636365,13.38654918181818
2024.01.31 14:35:46,52.729291545454544,13.386559272727272
2024.01.31 14:35:47,52.72930072727273,13.386569363636363
2024.01.31 14:35:48,52.72930990909091,13.386579454545455
2024.01.31 14:35:49,52.729319090909094,13.386589545454544
2024.01.31 14:35:50,52.72932827272727,13.386599636363636
2024.01.31 14:35:51,52.72933745454546,13.386609727272727
2024.01.31 14:35:52,52.72934663636364,13.386619818181819
2024.01.31 14:35:53,52.72935581818182,13.386629909090908
2024.01.31 14:35:54,52.729365,13.38664
2024.01.31 14:35:55,52.72938,13.386661
2024.01.31 14:35:56,52.729395000000004,13.386682
2024.01.31 14:35:57,52.72941,13.386702999999999
2024.01.31 14:35:58,52.729425,13.386724
2024.01.31 14:35:59,52.72944,13.386745
2024.01.31 14:36:00,52.729455,13.386766
2024.01.31 14:36:01,52.72947,13.386787
2024.01.31 14:36:02,52.729485,13.386808
2024.01.31 14:36:03,52.729499999999994,13.386828999999999
2024.01.31 14:36:04,52.729515,13.386849999999999
2024.01.31 14:36:05,52.72953,13.386871
2024.01.31 14:36:06,52.72955636363636,13.386916636363635
2024.01.31 14:36:07,52.72958272727272,13.386962272727272
2024.01.31 14:36:08,52.729609090909086,13.387007909090908
2024.01.31 14:36:09,52.72963545454545,13.387053545454545
2024.01.31 14:36:10,52.72966181818182,13.387099181818181
2024.01.31 14:36:11,52.729688181818176,13.387144818181818
2024.01.31 14:36:12,52.72971454545454,13.387190454545454
2024.01.31 14:36:13,52.72974090909091,13.387236090909092
2024.01.31 14:36:14,52.72976727272727,13.387281727272727
2024.01.31 14:36:15,52.72979363636363,13.387327363636365
2024.01.31 14:36:16,52.72982,13.387373
2024.01.31 14:36:17,52.72983072727273,13.387390636363637
2024.01.31 14:36:18,52.72984145454545,13.387408272727273
2024.01.31 14:36:19,52.72985218181818,13.38742590909091
2024.01.31 14:36:20,52.729862909090905,13.387443545454547
2024.01.31 14:36:21,52.729873636363635,13.387461181818182
2024.01.31 14:36:22,52.72988436363636,13.387478818181819
2024.01.31 14:36:23,52.72989509090909,13.387496454545454
2024.01.31 14:36:24,52.72990581818181,13.387514090909091
2024.01.31 14:36:25,52.72991654545454,13.387531727272728
2024.01.31 14:36:26,52.72992727272727,13.387549363636364
2024.01.31 14:36:27,52.729938,13.387567
2024.01.31 14:36:28,52.72994609090909,13.387576818181818
2024.01.31 14:36:29,52.72995418181818,13.387586636363636
2024.01.31 14:36:30,52.72996227272727,13.387596454545456
2024.01.31 14:36:31,52.72997036363636,13.387606272727274
2024.01.31 14:36:32,52.72997845454545,13.387616090909091
2024.01.31 14:36:33,52.729986545454544,13.387625909090909
2024.01.31 14:36:34,52.729994636363635,13.387635727272727
2024.01.31 14:36:35,52.730002727272726,13.387645545454545
2024.01.31 14:36:36,52.73001081818182,13.387655363636364
2024.01.31 14:36:37,52.73001890909091,13.387665181818182
2024.01.31 14:36:38,52.730027,13.387675
2024.01.31 14:36:39,52.73003436363636,13.387679636363636
2024.01.31 14:36:40,52.73004172727273,13.387684272727272
2024.01.31 14:36:41,52.73004909090909,13.38768890909091
2024.01.31 14:36:42,52.730056454545455,13.387693545454546
2024.01.31 14:36:43,52.73006381818182,13.387698181818182
2024.01.31 14:36:44,52.73007118181818,13.387702818181818
2024.01.31 14:36:45,52.730078545454546,13.387707454545454
2024.01.31 14:36:46,52.73008590909091,13.38771209090909
2024.01.31 14:36:47,52.730093272727274,13.387716727272728
2024.01.31 14:36:48,52.73010063636364,13.387721363636365
2024.01.31 14:36:49,52.730108,13.387726
2024.01.31 14:36:50,52.73012263636364,13.387728727272728
2024.01.31 14:36:51,52.730137272727276,13.387731454545454
2024.01.31 14:36:52,52.73015190909091,13.387734181818182
2024.01.31 14:36:53,52.730166545454544,13.38773690909091
2024.01.31 14:36:54,52.73018118181818,13.387739636363637
2024.01.31 14:36:55,52.73019581818182,13.387742363636363
2024.01.31 14:36:56,52.73021045454546,13.38774509090909
2024.01.31 14:36:57,52.730225090909094,13.387747818181818
2024.01.31 14:36:58,52.730239727272725,13.387750545454546
2024.01.31 14:36:59,52.73025436363636,13.387753272727272
2024.01.31 14:37:00,52.730269,13.387756
2024.01.31 14:37:01,52.730337363636366,13.387754181818181
2024.01.31 14:37:02,52.730405727272725,13.387752363636363
2024.01.31 14:37:03,52.73047409090909,13.387750545454546
2024.01.31 14:37:04,52.73054245454546,13.387748727272728
2024.01.31 14:37:05,52.730610818181816,13.38774690909091
2024.01.31 14:37:06,52.73067918181818,13.38774509090909
2024.01.31 14:37:07,52.73074754545454,13.387743272727272
2024.01.31 14:37:08,52.73081590909091,13.387741454545454
2024.01.31 14:37:09,52.73088427272727,13.387739636363637
2024.01.31 14:37:10,52.73095263636363,13.387737818181819
2024.01.31 14:37:11,52.731021,13.387736
2024.01.31 14:37:12,52.73103681818181,13.387740454545455
2024.01.31 14:37:13,52.731052636363636,13.387744909090909
2024.01.31 14:37:14,52.73106845454545,13.387749363636363
2024.01.31 14:37:15,52.73108427272727,13.387753818181817
2024.01.31 14:37:16,52.73110009090909,13.387758272727272
2024.01.31 14:37:17,52.73111590909091,13.387762727272728
2024.01.31 14:37:18,52.731131727272725,13.387767181818182
2024.01.31 14:37:19,52.73114754545455,13.387771636363636
2024.01.31 14:37:20,52.73116336363636,13.38777609090909
2024.01.31 14:37:21,52.731179181818185,13.387780545454545
2024.01.31 14:37:22,52.731195,13.387785
2024.01.31 14:37:23,52.73120409090909,13.387791363636364
2024.01.31 14:37:24,52.731213181818184,13.387797727272726
2024.01.31 14:37:25,52.73122227272727,13.387804090909091
2024.01.31 14:37:26,52.73123136363636,13.387810454545454
2024.01.31 14:37:27,52.73124045454546,13.387816818181818
2024.01.31 14:37:28,52.731249545454546,13.387823181818181
2024.01.31 14:37:29,52.73125863636364,13.387829545454546
2024.01.31 14:37:30,52.73126772727273,13.387835909090908
2024.01.31 14:37:31,52.73127681818182,13.387842272727273
2024.01.31 14:37:32,52.731285909090914,13.387848636363636
2024.01.31 14:37:33,52.731295,13.387855
2024.01.31 14:37:34,52.731305636363636,13.387867363636364
2024.01.31 14:37:35,52.73131627272728,13.387879727272727
2024.01.31 14:37:36,52.73132690909091,13.38789209090909
2024.01.31 14:37:37,52.731337545454544,13.387904454545454
2024.01.31 14:37:38,52.731348181818184,13.387916818181818
2024.01.31 14:37:39,52.73135881818182,13.387929181818182
2024.01.31 14:37:40,52.73136945454546,13.387941545454545
2024.01.31 14:37:41,52.73138009090909,13.387953909090909
2024.01.31 14:37:42,52.731390727272725,13.387966272727272
2024.01.31 14:37:43,52.731401363636365,13.387978636363636
2024.01.31 14:37:44,52.731412,13.387991
2024.01.31 14:37:45,52.731418545454545,13.388008636363637
2024.01.31 14:37:46,52.73142509090909,13.388026272727272
2024.01.31 14:37:47,52.73143163636364,13.388043909090909
2024.01.31 14:37:48,52.731438181818184,13.388061545454546
2024.01.31 14:37:49,52.73144472727273,13.388079181818181
2024.01.31 14:37:50,52.73145127272727,13.388096818181818
2024.01.31 14:37:51,52.731457818181816,13.388114454545454
2024.01.31 14:37:52,52.73146436363636,13.38813209090909
2024.01.31 14:37:53,52.73147090909091,13.388149727272728
2024.01.31 14:37:54,52.731477454545455,13.388167363636363
2024.01.31 14:37:55,52.731484,13.388185
2024.01.31 14:37:56,52.73150190909091,13.388245272727273
2024.01.31 14:37:57,52.73151981818182,13.388305545454545
2024.01.31 14:37:58,52.73153772727273,13.388365818181818
2024.01.31 14:37:59,52.73155563636364,13.38842609090909
2024.01.31 14:38:00,52.731573545454545,13.388486363636364
2024.01.31 14:38:01,52.73159145454546,13.388546636363635
2024.01.31 14:38:02,52.731609363636366,13.388606909090909
2024.01.31 14:38:03,52.73162727272727,13.388667181818182
2024.01.31 14:38:04,52.73164518181818,13.388727454545455
2024.01.31 14:38:05,52.731663090909095,13.388787727272726
2024.01.31 14:38:06,52.731681,13.388848
2024.01.31 14:38:07,52.731739272727275,13.389062636363636
2024.01.31 14:38:08,52.73179754545455,13.389277272727272
2024.01.31 14:38:09,52.73185581818182,13.389491909090909
2024.01.31 14:38:10,52.73191409090909,13.389706545454546
2024.01.31 14:38:11,52.731972363636366,13.389921181818181
2024.01.31 14:38:12,52.73203063636364,13.390135818181818
2024.01.31 14:38:13,52.73208890909091,13.390350454545453
2024.01.31 14:38:14,52.732147181818185,13.39056509090909
2024.01.31 14:38:15,52.73220545454546,13.390779727272728
2024.01.31 14:38:16,52.73226372727273,13.390994363636363
2024.01.31 14:38:17,52.732322,13.391209
2024.01.31 14:38:18,52.73233645454546,13.391231818181819
2024.01.31 14:38:19,52.73235090909091,13.391254636363636
2024.01.31 14:38:20,52.73236536363637,13.391277454545454
2024.01.31 14:38:21,52.73237981818182,13.391300272727273
2024.01.31 14:38:22,52.73239427272728,13.391323090909092
2024.01.31 14:38:23,52.73240872727273,13.391345909090909
2024.01.31 14:38:24,52.732423181818184,13.391368727272727
2024.01.31 14:38:25,52.732437636363635,13.391391545454546
2024.01.31 14:38:26,52.73245209090909,13.391414363636365
2024.01.31 14:38:27,52.73246654545454,13.391437181818182
2024.01.31 14:38:28,52.732481,13.39146
2024.01.31 14:38:29,52.73250281818182,13.391475545454545
2024.01.31 14:38:30,52.732524636363635,13.391491090909092
2024.01.31 14:38:31,52.73254645454546,13.391506636363637
2024.01.31 14:38:32,52.73256827272727,13.391522181818182
2024.01.31 14:38:33,52.73259009090909,13.391537727272727
2024.01.31 14:38:34,52.732611909090906,13.391553272727274
2024.01.31 14:38:35,52.73263372727273,13.391568818181819
2024.01.31 14:38:36,52.73265554545454,13.391584363636364
2024.01.31 14:38:37,52.73267736363636,13.391599909090909
2024.01.31 14:38:38,52.73269918181818,13.391615454545455
2024.01.31 14:38:39,52.732721,13.391631
2024.01.31 14:38:40,52.73276009090909,13.391658818181819
2024.01.31 14:38:41,52.73279918181818,13.391686636363637
2024.01.31 14:38:42,52.73283827272727,13.391714454545454
2024.01.31 14:38:43,52.73287736363636,13.391742272727273
2024.01.31 14:38:44,52.73291645454545,13.391770090909091
2024.01.31 14:38:45,52.732955545454544,13.39179790909091
2024.01.31 14:38:46,52.732994636363635,13.391825727272728
2024.01.31 14:38:47,52.733033727272726,13.391853545454547
2024.01.31 14:38:48,52.73307281818182,13.391881363636363
2024.01.31 14:38:49,52.73311190909091,13.391909181818182
2024.01.31 14:38:50,52.733151,13.391937
2024.01.31 14:38:51,52.73324190909091,13.392001363636364
2024.01.31 14:38:52,52.733332818181815,13.392065727272728
2024.01.31 14:38:53,52.73342372727273,13.392130090909092
2024.01.31 14:38:54,52.73351463636364,13.392194454545455
2024.01.31 14:38:55,52.733605545454544,13.39225881818182
2024.01.31 14:38:56,52.73369645454545,13.392323181818181
2024.01.31 14:38:57,52.73378736363636,13.392387545454545
2024.01.31 14:38:58,52.73387827272727,13.392451909090909
2024.01.31 14:38:59,52.73396918181818,13.392516272727272
2024.01.31 14:39:00,52.73406009090909,13.392580636363636
2024.01.31 14:39:01,52.734151,13.392645
2024.01.31 14:39:02,52.73444890909091,13.392957090909091
2024.01.31 14:39:03,52.73474681818182,13.393269181818182
2024.01.31 14:39:04,52.73504472727272,13.393581272727273
2024.01.31 14:39:05,52.73534263636363,13.393893363636364
2024.01.31 14:39:06,52.735640545454544,13.394205454545455
2024.01.31 14:39:07,52.735938454545455,13.394517545454544
2024.01.31 14:39:08,52.736236363636365,13.394829636363635
2024.01.31 14:39:09,52.736534272727276,13.395141727272726
2024.01.31 14:39:10,52.73683218181818,13.395453818181817
2024.01.31 14:39:11,52.73713009090909,13.395765909090908
2024.01.31 14:39:12,52.737428,13.396078
2024.01.31 14:39:13,52.737464,13.39613618181818
2024.01.31 14:39:14,52.737500000000004,13.396194363636363
2024.01.31 14:39:15,52.737536,13.396252545454544
2024.01.31 14:39:16,52.737572,13.396310727272727
2024.01.31 14:39:17,52.737608,13.396368909090908
2024.01.31 14:39:18,52.737644,13.396427090909091
2024.01.31 14:39:19,52.737680000000005,13.396485272727272
2024.01.31 14:39:20,52.737716000000006,13.396543454545455
2024.01.31 14:39:21,52.737752,13.396601636363636
2024.01.31 14:39:22,52.737788,13.396659818181819
2024.01.31 14:39:23,52.737824,13.396718
2024.01.31 14:39:24,52.73783281818182,13.396736181818182
2024.01.31 14:39:25,52.73784163636364,13.396754363636363
2024.01.31 14:39:26,52.73785045454546,13.396772545454546
2024.01.31 14:39:27,52.73785927272728,13.396790727272727
2024.01.31 14:39:28,52.737868090909096,13.39680890909091
2024.01.31 14:39:29,52.73787690909091,13.39682709090909
2024.01.31 14:39:30,52.737885727272726,13.396845272727273
2024.01.31 14:39:31,52.737894545454544,13.396863454545453
2024.01.31 14:39:32,52.73790336363636,13.396881636363636
2024.01.31 14:39:33,52.73791218181818,13.396899818181817
2024.01.31 14:39:34,52.737921,13.396918
2024.01.31 14:39:35,52.737975545454546,13.396854545454545
2024.01.31 14:39:36,52.73803009090909,13.39679109090909
2024.01.31 14:39:37,52.73808463636364,13.396727636363636
2024.01.31 14:39:38,52.738139181818184,13.396664181818181
2024.01.31 14:39:39,52.73819372727273,13.396600727272727
2024.01.31 14:39:40,52.73824827272727,13.396537272727272
2024.01.31 14:39:41,52.738302818181815,13.396473818181818
2024.01.31 14:39:42,52.73835736363636,13.396410363636363
2024.01.31 14:39:43,52.73841190909091,13.396346909090909
2024.01.31 14:39:44,52.73846645454545,13.396283454545454
2024.01.31 14:39:45,52.738521,13.39622
2024.01.31 14:39:46,52.73849327272727,13.396047181818181
2024.01.31 14:39:47,52.738465545454545,13.395874363636363
2024.01.31 14:39:48,52.738437818181815,13.395701545454545
2024.01.31 14:39:49,52.73841009090909,13.395528727272726
2024.01.31 14:39:50,52.73838236363636,13.395355909090908
2024.01.31 14:39:51,52.73835463636364,13.395183090909091
2024.01.31 14:39:52,52.73832690909091,13.395010272727273
2024.01.31 14:39:53,52.738299181818185,13.394837454545454
2024.01.31 14:39:54,52.738271454545455,13.394664636363636
2024.01.31 14:39:55,52.73824372727273,13.394491818181818
2024.01.31 14:39:56,52.738216,13.394319
